truncate table Bookings;

set foreign_key_checks = 1;

INSERT INTO Bookings (user_id, show_id, booking_date, status) VALUES
(1, 1, '2024-10-01 10:30:00', 'Confirmed'),
(2, 2, '2024-10-02 11:00:00', 'Pending'),
(3, 3, '2024-10-03 12:15:00', 'Confirmed'),
(4, 4, '2024-10-04 13:30:00', 'Cancelled'),
(5, 5, '2024-10-05 14:00:00', 'Confirmed'),
(6, 6, '2024-10-06 15:45:00', 'Pending'),
(7, 7, '2024-10-07 16:30:00', 'Confirmed'),
(8, 8, '2024-10-08 17:00:00', 'Confirmed'),
(9, 9, '2024-10-09 18:00:00', 'Cancelled'),
(10, 10, '2024-10-10 19:15:00', 'Pending'),
(11, 11, '2024-10-11 20:00:00', 'Confirmed'),
(12, 12, '2024-10-12 21:00:00', 'Pending'),
(13, 13, '2024-10-13 22:00:00', 'Confirmed'),
(14, 14, '2024-10-14 23:00:00', 'Confirmed'),
(15, 15, '2024-10-15 10:00:00', 'Cancelled'),
(16, 16, '2024-10-16 11:00:00', 'Pending'),
(17, 17, '2024-10-17 12:15:00', 'Confirmed'),
(18, 18, '2024-10-18 13:30:00', 'Confirmed'),
(19, 19, '2024-10-19 14:00:00', 'Cancelled'),
(20, 20, '2024-10-20 15:45:00', 'Confirmed'),
(21, 21, '2024-10-21 16:30:00', 'Pending'),
(22, 22, '2024-10-22 17:00:00', 'Confirmed'),
(23, 23, '2024-10-23 18:00:00', 'Confirmed'),
(24, 24, '2024-10-24 19:15:00', 'Cancelled'),
(25, 25, '2024-10-25 20:00:00', 'Pending');

SELECT * FROM Bookings;

INSERT INTO Tickets (booking_id, seat_number, price) VALUES
(1, 'A1', 250.00),
(2, 'B1', 300.00),
(3, 'C1', 200.00),
(4, 'D1', 150.00),
(5, 'E1', 250.00),
(6, 'F1', 300.00),
(7, 'G1', 200.00),
(8, 'H1', 150.00),
(9, 'I1', 250.00),
(10, 'J1', 300.00),
(11, 'K1', 200.00),
(12, 'L1', 150.00),
(13, 'M1', 250.00),
(14, 'N1', 300.00),
(15, 'O1', 200.00),
(16, 'P1', 150.00),
(17, 'Q1', 250.00),
(18, 'R1', 300.00),
(19, 'S1', 200.00),
(20, 'T1', 150.00),
(21, 'U1', 250.00),
(22, 'V1', 300.00),
(23, 'W1', 200.00),
(24, 'X1', 150.00),
(25, 'Y1', 250.00);

SELECT * FROM Tickets;

INSERT INTO Seats (show_id, seat_number, status) VALUES
(1, 'A1', 'Booked'),
(2, 'B1', 'Booked'),
(3, 'C1', 'Booked'),
(4, 'D1', 'Booked'),
(5, 'E1', 'Available'),
(6, 'F1', 'Booked'),
(7, 'G1', 'Available'),
(8, 'H1', 'Booked'),
(9, 'I1', 'Booked'),
(10, 'J1', 'Booked'),
(11, 'K1', 'Booked'),
(12, 'L1', 'Available'),
(13, 'M1', 'Booked'),
(14, 'N1', 'Available'),
(15, 'O1', 'Booked'),
(16, 'P1', 'Booked'),
(17, 'Q1', 'Available'),
(18, 'R1', 'Booked'),
(19, 'S1', 'Booked'),
(20, 'T1', 'Booked'),
(21, 'U1', 'Available'),
(22, 'V1', 'Booked'),
(23, 'W1', 'Available'),
(24, 'X1', 'Booked'),
(25, 'Y1', 'Booked');

SELECT * FROM Seats;

INSERT INTO Payment_Transactions (booking_id, amount, payment_date, payment_status) VALUES
(1, 250.00, '2024-10-01 10:35:00', 'Completed'),
(2, 300.00, '2024-10-02 11:05:00', 'Pending'),
(3, 200.00, '2024-10-03 12:20:00', 'Completed'),
(4, 150.00, '2024-10-04 13:35:00', 'Refunded'),
(5, 250.00, '2024-10-05 14:05:00', 'Completed'),
(6, 300.00, '2024-10-06 15:50:00', 'Pending'),
(7, 200.00, '2024-10-07 16:35:00', 'Completed'),
(8, 150.00, '2024-10-08 17:05:00', 'Completed'),
(9, 250.00, '2024-10-09 18:05:00', 'Refunded'),
(10, 300.00, '2024-10-10 19:20:00', 'Pending'),
(11, 200.00, '2024-10-11 20:05:00', 'Completed'),
(12, 150.00, '2024-10-12 21:05:00', 'Pending'),
(13, 250.00, '2024-10-13 22:05:00', 'Completed'),
(14, 300.00, '2024-10-14 23:05:00', 'Completed'),
(15, 200.00, '2024-10-15 10:05:00', 'Refunded'),
(16, 150.00, '2024-10-16 11:05:00', 'Pending'),
(17, 250.00, '2024-10-17 12:20:00', 'Completed'),
(18, 300.00, '2024-10-18 13:35:00', 'Completed'),
(19, 200.00, '2024-10-19 14:05:00', 'Refunded'),
(20, 150.00, '2024-10-20 15:50:00', 'Completed'),
(21, 250.00, '2024-10-21 16:35:00', 'Pending'),
(22, 300.00, '2024-10-22 17:05:00', 'Completed'),
(23, 200.00, '2024-10-23 18:05:00', 'Completed'),
(24, 150.00, '2024-10-24 19:20:00', 'Refunded'),
(25, 250.00, '2024-10-25 20:05:00', 'Pending');

SELECT * FROM Payment_Transactions;