-- All Movie and Show Management

INSERT INTO Movies (title, genre, duration, rating, release_date, director, language) VALUES
('Baahubali', 'Action', 165, 8.5, '2015-07-10', 'S.S. Rajamouli', 'Telugu'),
('3 Idiots', 'Comedy', 145, 8.4, '2009-12-25', 'Rajkumar Hirani', 'Hindi'),
('Kabir Singh', 'Drama', 172, 7.0, '2019-06-21', 'Sandeep Vanga', 'Hindi'),
('Dangal', 'Biography', 160, 8.7, '2016-12-23', 'Nitesh Tiwari', 'Hindi'),
('K.G.F: Chapter 1', 'Action', 156, 8.2, '2018-12-21', 'Prashanth Neel', 'Kannada'),
('Chennai Express', 'Romance', 141, 6.9, '2013-08-09', 'Rohit Shetty', 'Hindi'),
('Drishyam', 'Thriller', 163, 8.1, '2015-07-31', 'Nishikant Kamat', 'Hindi'),
('Padmaavat', 'Historical', 164, 7.0, '2018-01-25', 'Sanjay Leela Bhansali', 'Hindi'),
('Bajrangi Bhaijaan', 'Drama', 163, 8.0, '2015-07-17', 'Kabir Khan', 'Hindi'),
('Dil Chahta Hai', 'Comedy', 183, 8.1, '2001-08-10', 'Farhan Akhtar', 'Hindi'),
('Sholay', 'Action', 204, 8.2, '1975-08-15', 'Ramesh Sippy', 'Hindi'),
('PK', 'Science Fiction', 152, 8.1, '2014-12-19', 'Rajkumar Hirani', 'Hindi'),
('Rang De Basanti', 'Drama', 157, 8.2, '2006-01-26', 'Rakeysh Omprakash Mehra', 'Hindi'),
('Zindagi Na Milegi Dobara', 'Adventure', 166, 8.1, '2011-07-15', 'Zoya Akhtar', 'Hindi'),
('Barfi!', 'Romance', 151, 8.1, '2012-09-14', 'Anurag Basu', 'Hindi'),
('Raazi', 'Thriller', 138, 7.8, '2018-05-11', 'Meghna Gulzar', 'Hindi'),
('Gully Boy', 'Musical', 153, 8.0, '2019-02-14', 'Zoya Akhtar', 'Hindi'),
('Bajirao Mastani', 'Historical', 158, 7.2, '2015-12-18', 'Sanjay Leela Bhansali', 'Hindi'),
('Uri: The Surgical Strike', 'War', 138, 8.3, '2019-01-11', 'Aditya Dhar', 'Hindi'),
('Andhadhun', 'Mystery', 139, 8.3, '2018-10-05', 'Sriram Raghavan', 'Hindi'),
('Super 30', 'Biography', 154, 7.9, '2019-07-12', 'Vikas Bahl', 'Hindi'),
('Bahubali 2: The Conclusion', 'Action', 171, 8.2, '2017-04-28', 'S.S. Rajamouli', 'Telugu'),
('Tumbbad', 'Horror', 104, 8.3, '2018-10-12', 'Rahi Anil Barve', 'Hindi'),
('Housefull', 'Comedy', 155, 5.2, '2010-04-30', 'Sajid Khan', 'Hindi'),
('M.S. Dhoni: The Untold Story', 'Biography', 190, 7.9, '2016-09-30', 'Neeraj Pandey', 'Hindi');

SELECT * FROM Movies;

INSERT INTO Shows (movie_id, theater_id, start_time, end_time, screen_number) VALUES
(1, 1, '2024-10-11 18:30:00', '2024-10-11 21:15:00', 1),
(2, 2, '2024-10-11 20:00:00', '2024-10-11 22:30:00', 2),
(3, 3, '2024-10-11 19:00:00', '2024-10-11 21:45:00', 3),
(4, 4, '2024-10-11 17:30:00', '2024-10-11 20:10:00', 4),
(5, 5, '2024-10-11 18:00:00', '2024-10-11 20:50:00', 5),
(6, 6, '2024-10-12 14:30:00', '2024-10-12 16:45:00', 1),
(7, 7, '2024-10-12 15:00:00', '2024-10-12 17:20:00', 2),
(8, 8, '2024-10-12 19:30:00', '2024-10-12 22:00:00', 3),
(9, 9, '2024-10-12 21:00:00', '2024-10-12 23:45:00', 4),
(10, 10, '2024-10-12 18:45:00', '2024-10-12 21:15:00', 5),
(11, 11, '2024-10-13 17:00:00', '2024-10-13 19:40:00', 1),
(12, 12, '2024-10-13 19:00:00', '2024-10-13 21:30:00', 2),
(13, 13, '2024-10-13 16:30:00', '2024-10-13 18:45:00', 3),
(14, 14, '2024-10-13 18:00:00', '2024-10-13 20:15:00', 4),
(15, 15, '2024-10-14 12:00:00', '2024-10-14 14:30:00', 5),
(16, 16, '2024-10-14 15:30:00', '2024-10-14 18:00:00', 1),
(17, 17, '2024-10-14 20:30:00', '2024-10-14 23:00:00', 2),
(18, 18, '2024-10-14 21:00:00', '2024-10-14 23:15:00', 3),
(19, 19, '2024-10-15 13:00:00', '2024-10-15 15:45:00', 4),
(20, 20, '2024-10-15 16:30:00', '2024-10-15 19:10:00', 5),
(21, 21, '2024-10-15 18:30:00', '2024-10-15 21:00:00', 1),
(22, 22, '2024-10-15 20:30:00', '2024-10-15 23:00:00', 2),
(23, 23, '2024-10-16 19:00:00', '2024-10-16 21:45:00', 3),
(24, 24, '2024-10-16 17:30:00', '2024-10-16 19:50:00', 4),
(25, 25, '2024-10-16 21:00:00', '2024-10-16 23:30:00', 5);

SELECT * FROM Bookings;

INSERT INTO Theaters (name, location, total_screens) VALUES
('PVR Cinemas', 'Phoenix Marketcity, Mumbai', 5),
('INOX', 'Lulu Mall, Kochi', 4),
('Cinepolis', 'DLF CyberHub, Gurgaon', 6),
('Carnival Cinemas', 'Forum Mall, Bangalore', 3),
('Sathyam Cinemas', 'Express Avenue, Chennai', 7),
('SPI Cinemas', 'GT Central, Jaipur', 4),
('PVR IMAX', 'Orion Mall, Bangalore', 2),
('INOX', 'Ambience Mall, Gurgaon', 6),
('Mukti World', 'Ballygunge, Kolkata', 5),
('E-Square', 'University Road, Pune', 4),
('DT Cinemas', 'South Extension, Delhi', 3),
('Big Cinemas', 'R City Mall, Mumbai', 6),
('Prasads', 'NTR Marg, Hyderabad', 7),
('INOX', 'City Centre, Vashi', 5),
('Carnival Cinemas', 'Acropolis Mall, Ahmedabad', 4),
('Wave Cinemas', 'Wave Mall, Noida', 5),
('PVR Director’s Cut', 'Ambience Mall, Delhi', 3),
('Multiplex', 'Central Avenue, Nagpur', 2),
('Fun Cinemas', 'Fun Republic, Lucknow', 3),
('CineMax', 'AlphaOne Mall, Ahmedabad', 4),
('Raj Mandir', 'Bani Park, Jaipur', 2),
('INOX', 'Elante Mall, Chandigarh', 4),
('Alankar', 'M.G. Road, Udaipur', 1),
('Cinepolis', 'Phoenix Mall, Chennai', 6),
('PVR Talkies', 'Phoenix United, Lucknow', 3);

SELECT * FROM Theaters;

INSERT INTO Show_Schedule (show_id, date, time, theater_id) VALUES
(1, '2024-10-15', '14:00:00', 1),
(2, '2024-10-16', '16:30:00', 2),
(3, '2024-10-17', '18:00:00', 3),
(4, '2024-10-18', '20:00:00', 4),
(5, '2024-10-19', '10:30:00', 5),
(6, '2024-10-20', '13:00:00', 1),
(7, '2024-10-21', '15:00:00', 2),
(8, '2024-10-22', '17:30:00', 3),
(9, '2024-10-23', '19:00:00', 4),
(10, '2024-10-24', '11:00:00', 5),
(11, '2024-10-25', '12:30:00', 1),
(12, '2024-10-26', '14:45:00', 2),
(13, '2024-10-27', '16:15:00', 3),
(14, '2024-10-28', '18:00:00', 4),
(15, '2024-10-29', '20:15:00', 5),
(16, '2024-10-30', '09:30:00', 1),
(17, '2024-11-01', '11:45:00', 2),
(18, '2024-11-02', '14:00:00', 3),
(19, '2024-11-03', '16:00:00', 4),
(20, '2024-11-04', '18:30:00', 5),
(21, '2024-11-05', '20:00:00', 1),
(22, '2024-11-06', '10:00:00', 2),
(23, '2024-11-07', '12:15:00', 3),
(24, '2024-11-08', '14:45:00', 4),
(25, '2024-11-09', '17:00:00', 5);

SELECT * FROM Show_Schedule;